{"LL_1024": {"catastrophic_rew": 97.71257460146771, "mean_rew_ae": 195.42514920293542, "mean_var_ae": 7352.4010837782735, "p_solved": 0.5475520257364029, "p_catastrophic": 0.023806172715391576, "p_solved_90": 0.8072484166080225, "mean_dip_width": 49.125, "mean_dip_depth": 1.0, "mean_dip_distance": 2022.9583333333333}, "LL_128": {"catastrophic_rew": 83.52259081888036, "mean_rew_ae": 167.04518163776072, "mean_var_ae": 6655.630409218352, "p_solved": 0.20580904522613067, "p_catastrophic": 0.036964824120603014, "p_solved_90": 0.4719798994974874, "mean_dip_width": 65.5, "mean_dip_depth": 1.0, "mean_dip_distance": 1774.4814814814815}, "LL_128_128": {"catastrophic_rew": 79.98438025410819, "mean_rew_ae": 159.96876050821638, "mean_var_ae": 10020.292952048105, "p_solved": 0.18582629674306395, "p_catastrophic": 0.08218737434660234, "p_solved_90": 0.4259147567350221, "mean_dip_width": 62.815384615384616, "mean_dip_depth": 1.0, "mean_dip_distance": 702.3384615384615}, "LL_128_16": {"catastrophic_rew": 63.28124470606666, "mean_rew_ae": 126.56248941213332, "mean_var_ae": 14691.321435342652, "p_solved": 0.17425384383479048, "p_catastrophic": 0.18239372927343986, "p_solved_90": 0.35044216661642047, "mean_dip_width": 129.57142857142858, "mean_dip_depth": 1.0, "mean_dip_distance": 602.6666666666666}, "LL_128_256_512": {"catastrophic_rew": 65.86024581726043, "mean_rew_ae": 131.72049163452087, "mean_var_ae": 17104.394389191195, "p_solved": 0.019306880964339527, "p_catastrophic": 0.060210949271722755, "p_solved_90": 0.12801607232546458, "mean_dip_width": 56.471698113207545, "mean_dip_depth": 1.0, "mean_dip_distance": 882.5849056603773}, "LL_128_512": {"catastrophic_rew": 81.21034590626056, "mean_rew_ae": 162.4206918125211, "mean_var_ae": 9774.10148792476, "p_solved": 0.17153266331658293, "p_catastrophic": 0.04937185929648241, "p_solved_90": 0.4145979899497487, "mean_dip_width": 37.0, "mean_dip_depth": 1.0, "mean_dip_distance": 713.8679245283018}, "LL_128_64": {"catastrophic_rew": 80.49181298506281, "mean_rew_ae": 160.98362597012562, "mean_var_ae": 9258.029716213312, "p_solved": 0.2422945549527828, "p_catastrophic": 0.09093831625477194, "p_solved_90": 0.4613220815752461, "mean_dip_width": 57.96153846153846, "mean_dip_depth": 1.0, "mean_dip_distance": 587.5844155844156}, "LL_16": {"catastrophic_rew": -11.412913378775263, "mean_rew_ae": -22.825826757550526, "mean_var_ae": 13650.246994466675, "p_solved": 0.0, "p_catastrophic": 0.5205441561054114, "p_solved_90": 0.0, "mean_dip_width": 186.45945945945945, "mean_dip_depth": 1.0, "mean_dip_distance": 176.5462962962963}, "LL_16_16": {"catastrophic_rew": -28.491327164544728, "mean_rew_ae": -56.982654329089456, "mean_var_ae": 12959.183086123954, "p_solved": 0.0, "p_catastrophic": 0.6414900030141666, "p_solved_90": 0.0, "mean_dip_width": 205.94354838709677, "mean_dip_depth": 1.0, "mean_dip_distance": 116.02439024390245}, "LL_16_16_16": {"catastrophic_rew": -126.13991052597757, "mean_rew_ae": -252.27982105195514, "mean_var_ae": 65920.45254025112, "p_solved": 0.0, "p_catastrophic": 0.5247236180904523, "p_solved_90": 0.0, "mean_dip_width": 336.8225806451613, "mean_dip_depth": 1.0, "mean_dip_distance": 300.2063492063492}, "LL_256": {"catastrophic_rew": 84.94400154530851, "mean_rew_ae": 169.88800309061702, "mean_var_ae": 7502.453752032325, "p_solved": 0.3343784544266908, "p_catastrophic": 0.07745955180383882, "p_solved_90": 0.540950658225304, "mean_dip_width": 106.91666666666667, "mean_dip_depth": 1.0, "mean_dip_distance": 1275.0277777777778}, "LL_256_128": {"catastrophic_rew": 86.82251493204649, "mean_rew_ae": 173.64502986409298, "mean_var_ae": 9137.148963379486, "p_solved": 0.344129473260957, "p_catastrophic": 0.04722557297949337, "p_solved_90": 0.5401286690792119, "mean_dip_width": 36.06153846153846, "mean_dip_depth": 1.0, "mean_dip_distance": 752.2380952380952}, "LL_256_128_mb128": {"catastrophic_rew": 86.46340557143235, "mean_rew_ae": 172.9268111428647, "mean_var_ae": 5823.371407200031, "p_solved": 0.31931041415359873, "p_catastrophic": 0.05528749497386409, "p_solved_90": 0.5286992360273421, "mean_dip_width": 54.95, "mean_dip_depth": 1.0, "mean_dip_distance": 939.75}, "LL_256_128_mb16": {"catastrophic_rew": 82.54296098512049, "mean_rew_ae": 165.08592197024097, "mean_var_ae": 8923.469867057915, "p_solved": 0.2337251356238698, "p_catastrophic": 0.07195599758890898, "p_solved_90": 0.459915611814346, "mean_dip_width": 65.02272727272727, "mean_dip_depth": 1.0, "mean_dip_distance": 839.7954545454545}, "LL_256_128_ns4": {"catastrophic_rew": -72.61014045353164, "mean_rew_ae": -145.22028090706328, "mean_var_ae": 94158.54581358029, "p_solved": 0.05985738676308125, "p_catastrophic": 0.4592497740283218, "p_solved_90": 0.15345987747313447, "mean_dip_width": 590.0322580645161, "mean_dip_depth": 1.0, "mean_dip_distance": 672.90625}, "LL_256_128_ns4_rpb4_tf4": {"catastrophic_rew": 75.9207861830805, "mean_rew_ae": 151.841572366161, "mean_var_ae": 11563.129886175562, "p_solved": 0.27462843944567183, "p_catastrophic": 0.11867342839927697, "p_solved_90": 0.4308847158063868, "mean_dip_width": 76.19354838709677, "mean_dip_depth": 1.0, "mean_dip_distance": 557.2063492063492}, "LL_256_256": {"catastrophic_rew": 87.25962718522186, "mean_rew_ae": 174.51925437044372, "mean_var_ae": 9261.681054825063, "p_solved": 0.30564937675914755, "p_catastrophic": 0.04207880981101729, "p_solved_90": 0.5475271411338962, "mean_dip_width": 53.53846153846154, "mean_dip_depth": 1.0, "mean_dip_distance": 1221.7179487179487}, "LL_256_256_256": {"catastrophic_rew": 5.927011532037314, "mean_rew_ae": 11.854023064074628, "mean_var_ae": 99717.12732291284, "p_solved": 0.07158211953792064, "p_catastrophic": 0.21402310396785534, "p_solved_90": 0.19427423405323957, "mean_dip_width": 266.275, "mean_dip_depth": 1.0, "mean_dip_distance": 931.4047619047619}, "LL_256_256_512": {"catastrophic_rew": 64.5646928549297, "mean_rew_ae": 129.1293857098594, "mean_var_ae": 20080.748964212617, "p_solved": 0.06351758793969849, "p_catastrophic": 0.10309547738693467, "p_solved_90": 0.20759798994974873, "mean_dip_width": 84.0, "mean_dip_depth": 1.0, "mean_dip_distance": 731.4918032786885}, "LL_256_32": {"catastrophic_rew": 84.519676847259, "mean_rew_ae": 169.039353694518, "mean_var_ae": 8276.386639548473, "p_solved": 0.3716073582629674, "p_catastrophic": 0.09067149175713711, "p_solved_90": 0.5628015681544029, "mean_dip_width": 92.41025641025641, "mean_dip_depth": 1.0, "mean_dip_distance": 927.7948717948718}, "LL_256_512": {"catastrophic_rew": 89.17129669512765, "mean_rew_ae": 178.3425933902553, "mean_var_ae": 9207.607193726413, "p_solved": 0.31723444879911566, "p_catastrophic": 0.024861822932368605, "p_solved_90": 0.5557632398753894, "mean_dip_width": 30.8, "mean_dip_depth": 1.0, "mean_dip_distance": 1212.95}, "LL_32_32": {"catastrophic_rew": 42.83366663527182, "mean_rew_ae": 85.66733327054364, "mean_var_ae": 12153.83916185768, "p_solved": 0.009425899859239896, "p_catastrophic": 0.21259802935853608, "p_solved_90": 0.03559219786848985, "mean_dip_width": 100.64285714285714, "mean_dip_depth": 1.0, "mean_dip_distance": 382.0243902439024}, "LL_512": {"catastrophic_rew": 93.17136555402162, "mean_rew_ae": 186.34273110804324, "mean_var_ae": 6450.4889920299875, "p_solved": 0.4590369923602734, "p_catastrophic": 0.03794732609569763, "p_solved_90": 0.6786288701246481, "mean_dip_width": 48.58064516129032, "mean_dip_depth": 1.0, "mean_dip_distance": 1234.9032258064517}, "LL_512_256": {"catastrophic_rew": 92.04096286571469, "mean_rew_ae": 184.08192573142938, "mean_var_ae": 7771.1341109360765, "p_solved": 0.4107124912069139, "p_catastrophic": 0.03806150135664757, "p_solved_90": 0.6665410511506381, "mean_dip_width": 44.44117647058823, "mean_dip_depth": 1.0, "mean_dip_distance": 1126.1470588235295}, "LL_512_256_128": {"catastrophic_rew": 42.885134467356956, "mean_rew_ae": 85.77026893471391, "mean_var_ae": 35897.38502324683, "p_solved": 0.1864962769168847, "p_catastrophic": 0.16773998792513584,